,NCBI
0,
1,1000430
2,1001077
3,100138
4,100145
5,100149
6,100167
7,100169
8,100171
9,1003241
10,1003242
11,1003255
12,1003630
13,100370
14,1003875
15,1003877
16,100495
17,100496
18,100514
19,100532
20,100557
21,1005656
22,100569
23,1006109
24,1006144
25,1007326
26,1007327
27,1007786
28,1007882
29,1008910
30,1008962
31,1009474
32,1009495
33,1009579
34,1009589
35,101013
36,1010633
37,101569
38,1016828
39,101691
40,101709
41,101729
42,102107
43,102210
44,102211
45,102691
46,102693
47,1026989
48,102699
49,1026990
50,1027057
51,1027063
52,1027065
53,1027069
54,1027070
55,1027072
56,1027080
57,1027081
58,1027090
59,1027102
60,1027110
61,1027114
62,1027115
63,1027119
64,1027120
65,1027122
66,1027124
67,1027129
68,1027132
69,1027142
70,1027148
71,1027163
72,1027172
73,1027192
74,1027193
75,1027194
76,1027196
77,1027199
78,1027204
79,1027211
80,1027214
81,1027218
82,1027220
83,102745
84,102770
85,102782
86,102786
87,102804
88,102806
89,102808
90,102809
91,102810
92,102812
93,102814
94,102815
95,102818
96,102819
97,103351
98,103480
99,103537
100,1035550
101,1037062
102,103745
103,103762
104,103767
105,103768
106,1037790
107,103966
108,103991
109,103999
110,1040939
111,1041030
112,1041237
113,104317
114,1043716
115,1045115
116,1045126
117,1045222
118,1045223
119,1046468
120,1046491
121,104773
122,1049784
123,1049785
124,1051490
125,105180
126,105181
127,105182
128,1052008
129,1053340
130,1054458
131,1055845
132,1055859
133,1056460
134,1056462
135,1056470
136,105667
137,105703
138,105748
139,105749
140,105884
141,105886
142,105902
143,105905
144,105906
145,105907
146,106335
147,106616
148,106620
149,106626
150,106642
151,106657
152,106659
153,106660
154,106663
155,106664
156,106672
157,106676
158,106677
159,106678
160,106682
161,106684
162,106685
163,106692
164,106703
165,106704
166,106709
167,106719
168,1068520
169,1068723
170,1068916
171,106975
172,1071044
173,1073848
174,107607
175,1079077
176,1081520
177,1082683
178,108278
179,108335
180,108377
181,108410
182,108411
183,108420
184,108422
185,1084667
186,108546
187,1085467
188,108594
189,1087743
190,1087756
191,1087772
192,1087776
193,108868
194,108881
195,1089395
196,1089629
197,1089630
198,109059
199,109061
200,109063
201,109170
202,109171
203,109218
204,109224
205,1092581
206,1095265
207,1095267
208,1097630
209,109864
210,109975
211,110318
212,110690
213,1110379
214,1110380
215,1110384
216,1110385
217,1110386
218,111103
219,1113480
220,1117039
221,1125008
222,1125161
223,1125163
224,1125164
225,1125165
226,1125386
227,1125401
228,1125920
229,1125924
230,1125925
231,1125926
232,1125929
233,1125931
234,1125939
235,1127048
236,1127383
237,112800
238,112816
239,112818
240,112819
241,112827
242,112828
243,112829
244,112832
245,1128365
246,112863
247,1128766
248,112883
249,1129466
250,1129501
251,1129519
252,1129970
253,1129973
254,1129992
255,113208
256,113248
257,113250
258,1132602
259,1132605
260,1134151
261,1134458
262,1136838
263,1138341
264,1138348
265,1138350
266,1138355
267,1141492
268,1141493
269,1142019
270,1143222
271,114476
272,114815
273,114937
274,115001
275,115002
276,115440
277,115442
278,115465
279,115466
280,115488
281,1155552
282,115666
283,1158817
284,1158923
285,1159231
286,1160622
287,1167200
288,1169444
289,1171751
290,117272
291,1173008
292,1176516
293,117795
294,117798
295,117962
296,1184124
297,1184125
298,118431
299,1186080
300,1186097
301,1186159
302,1186175
303,1186182
304,1186183
305,118777
306,118778
307,118889
308,118891
309,118900
310,119176
311,119177
312,119260
313,119261
314,1193841
315,1195013
316,1195022
317,1195123
318,1196212
319,1196483
320,119823
321,119875
322,119877
323,119884
324,119890
325,119892
326,119948
327,119949
328,119950
329,119951
330,119952
331,120289
332,1203511
333,1203512
334,1203520
335,120384
336,120385
337,1205775
338,1210880
339,1211478
340,1214565
341,121718
342,121720
343,1218914
344,121900
345,122118
346,122183
347,122308
348,122399
349,1224204
350,1224764
351,122532
352,122541
353,122543
354,1225699
355,1225816
356,1225819
357,1225832
358,1226760
359,1226768
360,1227989
361,1229245
362,1231555
363,1231556
364,1231846
365,1233749
366,123387
367,123388
368,123403
369,123405
370,123414
371,123423
372,123430
373,123432
374,123448
375,123451
376,123465
377,123469
378,123484
379,1237824
380,1241825
381,1245714
382,124778
383,124780
384,124790
385,124849
386,1248968
387,124937
388,124942
389,124943
390,124946
391,124952
392,124986
393,125007
394,125009
395,125016
396,125017
397,125045
398,125259
399,125587
400,126269
401,126270
402,126359
403,126363
404,126418
405,126559
406,126596
407,1266343
408,126642
409,126643
410,126747
411,126903
412,126908
413,126910
414,1274664
415,1274665
416,1274666
417,1274667
418,1274805
419,1277777
420,1277828
421,127986
422,127999
423,128002
424,128016
425,128017
426,1280209
427,128281
428,128318
429,128375
430,128401
431,128583
432,128591
433,128608
434,128619
435,128652
436,128654
437,128655
438,128685
439,128686
440,128688
441,128696
442,128699
443,128729
444,1288022
445,1289414
446,1292003
447,1293359
448,1293361
449,12947
450,12952
451,12953
452,1297873
453,12979
454,12989
455,12990
456,12991
457,13005
458,130381
459,130385
460,130401
461,130404
462,130409
463,130413
464,130414
465,13047
466,13055
467,13069
468,1307774
469,1307775
470,1307778
471,1307796
472,13097
473,13100
474,131138
475,13118
476,1312050
477,131256
478,13128
479,1312863
480,1312864
481,1312865
482,13129
483,1316783
484,13169
485,1317685
486,1317686
487,1317838
488,13186
489,13196
490,13215
491,13216
492,13217
493,132430
494,132436
495,132459
496,13259
497,1331810
498,133197
499,133204
500,13326
501,13328
502,13329
503,13330
504,133304
505,13331
506,13336
507,13337
508,1333897
509,13340
510,13341
511,13342
512,1334272
513,1334278
514,13344
515,1334443
516,1334444
517,1334449
518,1334451
519,1334456
520,1334470
521,1334486
522,1334488
523,1334489
524,13345
525,133504
526,1335583
527,1335589
528,133572
529,13362
530,13363
531,1337068
532,13384
533,13385
534,13392
535,13394
536,13398
537,13402
538,13403
539,134033
540,13406
541,13408
542,1341341
543,1341704
544,1341707
545,13420
546,13422
547,13424
548,13426
549,13427
550,13428
551,13432
552,13434
553,13442
554,13443
555,13446
556,13447
557,13448
558,13450
559,13451
560,13452
561,1346085
562,13464
563,13468
564,13469
565,134857
566,1348735
567,134913
568,13492
569,13493
570,13507
571,13511
572,13516
573,135197
574,135199
575,13528
576,13529
577,1353447
578,13538
579,1353961
580,13546
581,13558
582,13578
583,13582
584,13596
585,13597
586,13621
587,136217
588,13622
589,136224
590,13625
591,13637
592,13650
593,13663
594,13665
595,13667
596,136676
597,13668
598,13669
599,13673
600,1367315
601,13695
602,13699
603,1370061
604,13707
605,137178
606,137220
607,137221
608,137227
609,13728
610,137301
611,137456
612,137457
613,13749
614,13750
615,13753
616,13757
617,137670
618,137693
619,137801
620,13798
621,138141
622,138163
623,138164
624,13819
625,1381998
626,1382013
627,13823
628,1382323
629,13824
630,138526
631,138557
632,138873
633,13893
634,13894
635,1390085
636,139014
637,139037
638,1392118
639,139222
640,139271
641,139272
642,1395544
643,139771
644,139928
645,1399737
646,1401403
647,14026
648,14027
649,140311
650,140419
651,140997
652,14101
653,1412886
654,141330
655,141331
656,14146
657,141488
658,141490
659,141524
660,141544
661,141545
662,141564
663,141565
664,141568
665,141584
666,141590
667,141591
668,141599
669,141600
670,141614
671,141953
672,1419888
673,1419973
674,1419975
675,1419977
676,1420003
677,1420078
678,1420089
679,1421726
680,142183
681,142579
682,142614
683,142860
684,1428765
685,1428766
686,143051
687,1433329
688,1433379
689,14366
690,1437180
691,1437183
692,1437197
693,1437201
694,1441374
695,1441791
696,1441986
697,1442714
698,1442717
699,1442720
700,1442727
701,1442760
702,1444324
703,1445966
704,1446378
705,1446379
706,1446380
707,1450208
708,1454532
709,145674
710,145675
711,145694
712,145744
713,145745
714,145754
715,145816
716,145848
717,1461171
718,1461172
719,1461173
720,1461176
721,1461198
722,1461552
723,1462606
724,1462614
725,1463137
726,1463138
727,1463147
728,1465290
729,146530
730,1465361
731,146545
732,146995
733,147003
734,1472300
735,1472305
736,1472306
737,1472311
738,147243
739,1472648
740,147271
741,1473222
742,147366
743,147368
744,147369
745,147370
746,147371
747,147380
748,147387
749,147389
750,147428
751,147429
752,1475013
753,1475368
754,1475409
755,147945
756,1481450
757,1484106
758,148567
759,148569
760,148670
761,148671
762,148673
763,148695
764,148717
765,148719
766,148720
767,148725
768,148726
769,148729
770,1487832
771,148897
772,1489448
773,1489450
774,1489463
775,1489464
776,1489466
777,1489482
778,1489631
779,1489648
780,1489652
781,1489665
782,1489667
783,1489672
784,1489748
785,1489749
786,1489751
787,1489754
788,1489822
789,1489826
790,1489957
791,1489963
792,1489967
793,149356
794,149357
795,149371
796,149423
797,149425
798,149627
799,149628
800,149664
801,149674
802,1498428
803,1498447
804,1498448
805,1498449
806,1498450
807,1498454
808,1498468
809,1498475
810,14999
811,15000
812,1501231
813,1501554
814,1503867
815,1504218
816,1506269
817,151065
818,151068
819,151069
820,15114
821,151233
822,15141
823,151559
824,15170
825,151785
826,151786
827,151787
828,151789
829,151794
830,151796
831,151797
832,151798
833,151800
834,151808
835,151816
836,151817
837,151824
838,151825
839,151829
840,151830
841,151831
842,151833
843,151834
844,151835
845,151838
846,151842
847,151848
848,151851
849,151854
850,151855
851,151856
852,151857
853,151862
854,151863
855,151868
856,151869
857,151874
858,151876
859,151877
860,151880
861,151881
862,151882
863,151883
864,151890
865,151891
866,1521260
867,1521262
868,1521447
869,152358
870,152362
871,152363
872,152390
873,1524318
874,152432
875,1525719
876,1529617
877,1531353
878,1531356
879,1532000
880,1532346
881,153459
882,153546
883,153581
884,153742
885,15376
886,1538097
887,153845
888,153950
889,154422
890,154466
891,154467
892,1544672
893,154480
894,154494
895,1548133
896,1548629
897,154988
898,154990
899,155017
900,155136
901,155228
902,155231
903,155295
904,155635
905,155637
906,155638
907,155640
908,155891
909,1561073
910,1561080
911,1561394
912,156152
913,1561735
914,1561738
915,1561740
916,1561743
917,1561744
918,1561745
919,1561750
920,1561751
921,1561753
922,1561762
923,1561763
924,1561775
925,1561795
926,1561815
927,1561816
928,1561826
929,1561831
930,15623
931,156240
932,1563254
933,1563258
934,156472
935,156476
936,156481
937,156482
938,156483
939,156484
940,156491
941,1569007
942,1570894
943,1570985
944,1571642
945,1573921
946,15740
947,157443
948,15745
949,15747
950,157519
951,157652
952,1577077
953,1577575
954,1577576
955,157791
956,157914
957,1582321
958,158324
959,1583283
960,1583293
961,1583299
962,158332
963,158389
964,158406
965,158524
966,158538
967,158541
968,1585427
969,158573
970,158927
971,158928
972,1589817
973,1589896
974,159030
975,159033
976,159038
977,159053
978,159058
979,1592028
980,1592029
981,1592051
982,1592062
983,1593063
984,159421
985,159425
986,15949
987,15956
988,15957
989,159666
990,159976
991,160066
992,1603663
993,1603695
994,1603722
995,1603813
996,1603822
997,16046
998,16048
999,16049
1000,160511
1001,16053
1002,16055
1003,1609961
1004,1609962
1005,161027
1006,161028
1007,16107
1008,1612336
1009,161395
1010,16150
1011,1616486
1012,161755
1013,161756
1014,161934
1015,1619497
1016,16195
1017,1620028
1018,1620053
1019,1620951
1020,1621222
1021,1621223
1022,162640
1023,162643
1024,162709
1025,162716
1026,162718
1027,162768
1028,162769
1029,162772
1030,162792
1031,162809
1032,162887
1033,162888
1034,16300
1035,163092
1036,163093
1037,1633205
1038,1633398
1039,1633950
1040,1634506
1041,163485
1042,163486
1043,163487
1044,1635308
1045,16360
1046,16367
1047,163718
1048,16372
1049,163725
1050,163726
1051,163728
1052,163729
1053,163733
1054,163735
1055,163737
1056,163739
1057,163742
1058,163743
1059,163745
1060,163747
1061,16376
1062,1639865
1063,16399
1064,1640437
1065,1640457
1066,1640458
1067,1640478
1068,164241
1069,164405
1070,1648004
1071,1648017
1072,1648021
1073,1648033
1074,1648034
1075,1648035
1076,1648036
1077,1648037
1078,1648038
1079,164925
1080,164936
1081,164986
1082,1651117
1083,1651205
1084,1652080
1085,1652081
1086,165346
1087,1656278
1088,165774
1089,166048
1090,16611
1091,1661780
1092,1663611
1093,1664513
1094,1667295
1095,16681
1096,1670796
1097,16714
1098,16718
1099,16719
1100,16727
1101,16728
1102,16733
1103,167337
1104,16736
1105,16737
1106,16739
1107,167391
1108,167422
1109,16748
1110,167483
1111,167484
1112,167485
1113,167487
1114,167488
1115,167489
1116,167490
1117,167496
1118,167498
1119,167500
1120,167502
1121,16751
1122,16752
1123,167587
1124,167616
1125,167711
1126,1678924
1127,1679265
1128,168002
1129,168006
1130,168011
1131,168062
1132,168063
1133,168082
1134,168083
1135,168179
1136,168182
1137,168508
1138,168547
1139,168566
1140,16900
1141,16901
1142,16902
1143,16906
1144,16914
1145,169191
1146,169195
1147,169196
1148,169197
1149,169201
1150,169205
1151,169244
1152,169248
1153,169263
1154,169264
1155,169267
1156,169268
1157,169273
1158,169379
1159,169386
1160,169520
1161,169617
1162,169618
1163,169619
1164,169623
1165,169625
1166,169626
1167,169642
1168,169650
1169,169655
1170,169659
1171,169660
1172,169663
1173,169697
1174,169698
1175,169700
1176,169704
1177,169705
1178,169712
1179,169746
1180,1699106
1181,1699513
1182,1699523
1183,1699524
1184,169984
1185,170017
1186,170020
1187,170021
1188,170031
1189,170033
1190,1701078
1191,170183
1192,170351
1193,17047
1194,1705100
1195,1705104
1196,1705105
1197,1705106
1198,1705107
1199,1705963
1200,1705973
1201,170727
1202,170927
1203,170989
1204,171014
1205,1712202
1206,171222
1207,171249
1208,1713640
1209,171637
1210,171638
1211,1718242
1212,1718245
1213,171896
1214,171928
1215,171929
1216,171939
1217,172216
1218,172267
1219,172644
1220,1728959
1221,173671
1222,173691
1223,173697
1224,173701
1225,173849
1226,174172
1227,174181
1228,174187
1229,174208
1230,174209
1231,174216
1232,174217
1233,174221
1234,1744888
1235,1745183
1236,174649
1237,174651
1238,174652
1239,1747696
1240,1747698
1241,1750992
1242,1750993
1243,175189
1244,175219
1245,175518
1246,1755451
1247,1756151
1248,175767
1249,176265
1250,1763416
1251,176578
1252,176579
1253,176612
1254,176637
1255,176641
1256,177241
1257,1775857
1258,1776954
1259,178107
1260,178120
1261,1781618
1262,178174
1263,1784723
1264,178803
1265,179718
1266,179724
1267,179860
1268,1799599
1269,180062
1270,180118
1271,1801580
1272,1801593
1273,1801599
1274,1801601
1275,1804071
1276,1804184
1277,1804185
1278,1804186
1279,1804188
1280,1804190
1281,1804191
1282,1804192
1283,1804193
1284,1804194
1285,1804195
1286,1804196
1287,1804197
1288,1804199
1289,1804200
1290,1804201
1291,1804202
1292,1804203
1293,1804204
1294,1804205
1295,1804206
1296,1804207
1297,1804623
1298,180562
1299,1806640
1300,1806641
1301,1806642
1302,1807087
1303,180758
1304,180766
1305,181180
1306,181181
1307,181188
1308,181189
1309,1812990
1310,1813006
1311,1813008
1312,1813037
1313,1813042
1314,1813050
1315,1813079
1316,1813096
1317,1816314
1318,1816315
1319,1816319
1320,1816320
1321,1816321
1322,1816322
1323,1816324
1324,1816325
1325,1818588
1326,1819382
1327,1819795
1328,182070
1329,182083
1330,182084
1331,182112
1332,182129
1333,1821800
1334,1822417
1335,182312
1336,182371
1337,182387
1338,182393
1339,182415
1340,1824555
1341,1824618
1342,1826628
1343,1827075
1344,182998
1345,182999
1346,183010
1347,183075
1348,183092
1349,183218
1350,183220
1351,183260
1352,183267
1353,183277
1354,183296
1355,1835378
1356,183561
1357,184173
1358,1842752
1359,184278
1360,1842781
1361,184783
1362,185054
1363,185152
1364,185202
1365,185357
1366,185530
1367,185542
1368,185559
1369,185702
1370,185704
1371,185705
1372,185975
1373,1861783
1374,186265
1375,186272
1376,186273
1377,186770
1378,186771
1379,187150
1380,187269
1381,1872703
1382,187339
1383,187341
1384,187365
1385,187368
1386,187374
1387,1874399
1388,1874405
1389,1874412
1390,187506
1391,1879238
1392,1879252
1393,18794
1394,188482
1395,188516
1396,188561
1397,1886502
1398,1886507
1399,1886510
1400,1887462
1401,188810
1402,1890273
1403,1890297
1404,1891613
1405,189164
1406,189216
1407,189220
1408,189247
1409,1892693
1410,1895897
1411,189791
1412,1898543
1413,1898705
1414,1898706
1415,1898882
1416,190240
1417,190244
1418,190247
1419,190249
1420,190259
1421,1904788
1422,1904792
1423,1904978
1424,1905032
1425,1905569
1426,1905744
1427,190583
1428,1906254
1429,1906730
1430,1906731
1431,190802
1432,1908689
1433,190902
1434,1909378
1435,191224
1436,19151
1437,191652
1438,191659
1439,191702
1440,1917730
1441,191885
1442,191889
1443,191904
1444,191925
1445,191941
1446,19205
1447,192327
1448,1924180
1449,1927081
1450,1927082
1451,1927084
1452,1927085
1453,1927087
1454,1927091
1455,192877
1456,1930810
1457,1930869
1458,1930879
1459,193163
1460,193311
1461,193312
1462,1933508
1463,1933510
1464,193516
1465,1937584
1466,1937619
1467,1937630
1468,1940509
1469,194200
1470,194251
1471,194252
1472,194253
1473,194260
1474,194274
1475,194322
1476,194871
1477,1948872
1478,1948874
1479,195526
1480,195583
1481,1958840
1482,1960964
1483,1962496
1484,1962698
1485,1963009
1486,1963083
1487,1963084
1488,196576
1489,196577
1490,196578
1491,196579
1492,196580
1493,196581
1494,196582
1495,196584
1496,196585
1497,196673
1498,196689
1499,196734
1500,1968268
1501,1968271
1502,1968429
1503,1972872
1504,197385
1505,1977604
1506,1977916
1507,1977917
1508,197796
1509,1977990
1510,1978182
1511,197934
1512,1981914
1513,1982031
1514,198767
1515,198768
1516,198771
1517,198777
1518,198778
1519,198794
1520,1987974
1521,198816
1522,198826
1523,198827
1524,198854
1525,198914
1526,199151
1527,199163
1528,199165
1529,199218
1530,199219
1531,199225
1532,19952
1533,19953
1534,19955
1535,199623
1536,199658
1537,20008
1538,20019
1539,20025
1540,2004445
1541,200537
1542,200946
1543,200947
1544,200992
1545,200993
1546,201004
1547,201005
1548,201006
1549,201009
1550,201010
1551,201011
1552,201012
1553,201020
1554,201021
1555,201276
1556,201280
1557,201284
1558,20145
1559,2014984
1560,201509
1561,201513
1562,2017692
1563,2017695
1564,20202
1565,2021205
1566,2021210
1567,2021211
1568,2021390
1569,202614
1570,202615
1571,202622
1572,202624
1573,202626
1574,2026555
1575,202773
1576,2028265
1577,2028267
1578,202969
1579,2029787
1580,202985
1581,202991
1582,203050
1583,203100
1584,203270
1585,20339
1586,20340
1587,2034351
1588,2035337
1589,203582
1590,203643
1591,203716
1592,203717
1593,2038229
1594,2039304
1595,2039306
1596,20400
1597,20408
1598,204109
1599,204110
1600,204122
1601,204123
1602,204124
1603,204130
1604,204136
1605,204149
1606,204180
1607,204198
1608,204215
1609,204219
1610,204222
1611,2042386
1612,204402
1613,2044324
1614,204518
1615,2045300
1616,2047853
1617,20483
1618,2054448
1619,2054573
1620,205465
1621,205530
1622,205536
1623,205569
1624,2060786
1625,2065961
1626,20675
1627,20676
1628,20677
1629,20685
1630,2071413
1631,2072215
1632,2072223
1633,2072239
1634,2072282
1635,2072290
1636,2072293
1637,2072294
1638,2072295
1639,2078961
1640,2082994
1641,208494
1642,209321
1643,209324
1644,209333
1645,209356
1646,209613
1647,20997
1648,2100126
1649,210034
1650,210041
1651,2100654
1652,2100677
1653,21013
1654,210143
1655,210162
1656,21017
1657,21018
1658,21019
1659,21024
1660,210328
1661,210333
1662,210334
1663,210335
1664,210336
1665,210339
1666,210340
1667,210348
1668,210357
1669,210369
1670,210376
1671,210381
1672,210858
1673,2109291
1674,211495
1675,2115957
1676,211815
1677,211921
1678,212239
1679,212253
1680,212275
1681,212292
1682,2126358
1683,212671
1684,212690
1685,212700
1686,212788
1687,212836
1688,212842
1689,212844
1690,212878
1691,212900
1692,212925
1693,212941
1694,212944
1695,212953
1696,212960
1697,212981
1698,213002
1699,213019
1700,213047
1701,213255
1702,213265
1703,2135803
1704,213598
1705,2136685
1706,214053
1707,21472
1708,214907
1709,214908
1710,214909
1711,214912
1712,214915
1713,214929
1714,21496
1715,21563
1716,21571
1717,21610
1718,21634
1719,2163920
1720,216467
1721,216475
1722,216478
1723,216691
1724,216696
1725,216702
1726,216703
1727,216706
1728,216718
1729,216719
1730,216720
1731,216770
1732,216775
1733,216795
1734,216811
1735,216812
1736,216987
1737,216989
1738,216998
1739,216999
1740,217033
1741,217035
1742,217037
1743,217045
1744,217062
1745,217129
1746,217524
1747,21766
1748,218181
1749,21819
1750,2182554
1751,2184935
1752,21861
1753,21880
1754,21896
1755,21910
1756,219121
1757,219129
1758,219134
1759,219868
1760,219892
1761,22002
1762,22027
1763,22042
1764,22063
1765,221161
1766,221162
1767,22118
1768,221204
1769,22140
1770,221454
1771,221765
1772,221766
1773,2217932
1774,2217940
1775,222091
1776,22274
1777,222879
1778,223100
1779,2231382
1780,2231383
1781,2231384
1782,2231385
1783,2231387
1784,2231389
1785,2231390
1786,2231391
1787,2231393
1788,2231395
1789,2233838
1790,2233839
1791,2233855
1792,2233857
1793,223870
1794,224279
1795,224283
1796,224287
1797,224740
1798,224846
1799,224865
1800,224866
1801,224907
1802,224908
1803,225832
1804,225833
1805,225838
1806,22662
1807,22663
1808,226677
1809,227257
1810,227485
1811,227487
1812,227494
1813,227721
1814,227722
1815,227725
1816,22774
1817,22788
1818,227898
1819,227899
1820,227900
1821,227903
1822,228181
1823,2282342
1824,2283001
1825,228396
1826,228416
1827,228586
1828,228587
1829,22868
1830,228709
1831,228813
1832,22910
1833,2291027
1834,2291900
1835,22922
1836,2293348
1837,229629
1838,22973
1839,22986
1840,22994
1841,23005
1842,23012
1843,23029
1844,23030
1845,2303059
1846,2304098
1847,2304100
1848,2304148
1849,230597
1850,23066
1851,2306765
1852,230707
1853,23097
1854,23109
1855,23110
1856,23137
1857,23138
1858,23139
1859,23143
1860,23146
1861,2315346
1862,23159
1863,231674
1864,23170
1865,23176
1866,231906
1867,231911
1868,231912
1869,23199
1870,23204
1871,23207
1872,23211
1873,2321241
1874,2321264
1875,2321325
1876,2321349
1877,2321366
1878,2321367
1879,23216
1880,23222
1881,23224
1882,232347
1883,232378
1884,233667
1885,233668
1886,233674
1887,233728
1888,233754
1889,233875
1890,233879
1891,233880
1892,233881
1893,2340953
1894,23461
1895,23513
1896,235594
1897,235595
1898,235597
1899,235629
1900,235631
1901,235633
1902,235721
1903,235783
1904,235784
1905,2358445
1906,235879
1907,235880
1908,235889
1909,235893
1910,2364055
1911,23672
1912,236733
1913,237574
1914,237596
1915,237834
1916,237870
1917,237871
1918,237945
1919,237954
1920,237956
1921,237959
1922,238069
1923,238070
1924,23808
1925,238081
1926,23809
1927,238243
1928,238825
1929,238833
1930,238930
1931,239292
1932,239293
1933,239422
1934,239476
1935,239685
1936,239687
1937,240013
1938,240052
1939,240079
1940,240453
1941,24079
1942,240844
1943,241778
1944,241780
1945,241781
1946,241789
1947,241792
1948,241793
1949,241799
1950,241800
1951,241801
1952,241806
1953,241843
1954,241844
1955,241851
1956,241854
1957,241861
1958,241862
1959,241868
1960,241869
1961,241873
1962,241874
1963,241884
1964,241886
1965,241888
1966,241903
1967,241905
1968,241909
1969,241910
1970,241914
1971,241915
1972,241916
1973,241917
1974,241919
1975,241920
1976,2420369
1977,2420415
1978,242528
1979,244001
1980,244030
1981,244311
1982,2448771
1983,24579
1984,24581
1985,24584
1986,24609
1987,24646
1988,246517
1989,246523
1990,24655
1991,24663
1992,246834
1993,247089
1994,247113
1995,24735
1996,247692
1997,24775
1998,247880
1999,247899
2000,247909
2001,248507
2002,248524
2003,248525
2004,248526
2005,2485361
2006,2485371
2007,248539
2008,249102
2009,249112
2010,24921
2011,249286
2012,24942
2013,24943
2014,24966
2015,2498814
2016,2508038
2017,2508044
2018,2508080
2019,2511006
2020,251260
2021,2516486
2022,2516544
2023,25168
2024,251764
2025,25215
2026,25227
2027,2527811
2028,252867
2029,2528942
2030,2528943
2031,2528944
2032,2528945
2033,2528947
2034,2528948
2035,2528951
2036,2528955
2037,253220
2038,253752
2039,253756
2040,25384
2041,254027
2042,25443
2043,2545981
2044,2546017
2045,2546097
2046,25473
2047,2547412
2048,254777
2049,254779
2050,2552202
2051,255348
2052,255352
2053,255890
2054,255891
2055,255893
2056,255894
2057,25623
2058,25628
2059,25629
2060,25636
2061,25641
2062,25645
2063,25664
2064,256808
2065,2570238
2066,2576631
2067,258178
2068,258281
2069,25889
2070,25894
2071,25913
2072,2592274
2073,2592283
2074,2592314
2075,259380
2076,259381
2077,2594747
2078,2595081
2079,2595095
2080,259653
2081,259657
2082,259658
2083,259661
2084,259665
2085,2598621
2086,2598623
2087,259893
2088,25996
2089,26000
2090,260125
2091,260138
2092,260142
2093,260143
2094,2601875
2095,26019
2096,260201
2097,26021
2098,2602419
2099,260324
2100,2605637
2101,260592
2102,260602
2103,260608
2104,260701
2105,260718
2106,261007
2107,261008
2108,261082
2109,26122
2110,261423
2111,261451
2112,261771
2113,261786
2114,261802
2115,261915
2116,261997
2117,261998
2118,262276
2119,2624298
2120,262624
2121,262675
2122,262913
2123,26319
2124,263213
2125,263242
2126,263288
2127,263291
2128,263292
2129,263301
2130,263308
2131,263322
2132,26339
2133,263467
2134,26378
2135,263973
2136,264417
2137,264418
2138,26468
2139,26473
2140,26485
2141,264924
2142,26496
2143,265143
2144,2651908
2145,2651909
2146,2651910
2147,2651911
2148,2652448
2149,2652449
2150,2652451
2151,2652452
2152,2652454
2153,2652455
2154,2652465
2155,2652466
2156,2652467
2157,2652468
2158,2652469
2159,2652470
2160,2652471
2161,2652473
2162,2652474
2163,2652475
2164,2652476
2165,2652477
2166,2652478
2167,2652479
2168,2652481
2169,2652482
2170,2652483
2171,2652484
2172,2652485
2173,2652486
2174,2652487
2175,2652488
2176,2652489
2177,2652491
2178,2652492
2179,2652493
2180,2652494
2181,2652495
2182,2652496
2183,2652497
2184,2652498
2185,2652500
2186,2652501
2187,2652503
2188,2652504
2189,2652505
2190,2652506
2191,2652507
2192,2652508
2193,2652509
2194,2652510
2195,2652511
2196,2652512
2197,2652513
2198,2652514
2199,2652515
2200,2652516
2201,2652519
2202,2652521
2203,2652522
2204,2652524
2205,2652525
2206,2652526
2207,2652527
2208,2652528
2209,2652529
2210,2652530
2211,2652531
2212,2652532
2213,2652534
2214,2652535
2215,2652537
2216,2652538
2217,2652539
2218,2652540
2219,2652541
2220,2652542
2221,2652543
2222,2652544
2223,2652545
2224,2652547
2225,2652548
2226,2652549
2227,2652550
2228,2652551
2229,2652552
2230,2652553
2231,2652554
2232,2652555
2233,2652557
2234,2652558
2235,2652559
2236,2652561
2237,2652562
2238,2652563
2239,2652564
2240,2652565
2241,2652567
2242,2652568
2243,2652569
2244,2652570
2245,2652571
2246,2652572
2247,2652573
2248,2652574
2249,2652575
2250,2652576
2251,2652577
2252,2652578
2253,2652579
2254,2652580
2255,2652581
2256,2652583
2257,2652584
2258,2652586
2259,2652589
2260,2652590
2261,2652592
2262,2652593
2263,2652594
2264,2652595
2265,2652597
2266,2652598
2267,2652599
2268,2652601
2269,2652602
2270,2652603
2271,2652605
2272,2652606
2273,2652607
2274,2652609
2275,2652610
2276,2652611
2277,2652612
2278,2652613
2279,2652614
2280,2652615
2281,2652616
2282,2652617
2283,2652618
2284,2652620
2285,2652621
2286,2652622
2287,2652623
2288,2652625
2289,2652627
2290,2652628
2291,2652630
2292,2652632
2293,2652634
2294,2652635
2295,2652637
2296,2652638
2297,2652639
2298,2652640
2299,2652641
2300,2652644
2301,2652645
2302,2652647
2303,2652648
2304,2652649
2305,2652650
2306,2652652
2307,2652654
2308,2652655
2309,2652656
2310,2652658
2311,2652659
2312,2652660
2313,2652670
2314,2652673
2315,2652677
2316,2652679
2317,2652691
2318,2652695
2319,2653904
2320,2653910
2321,2653914
2322,2653920
2323,265497
2324,265775
2325,265783
2326,266091
2327,2662166
2328,2662167
2329,2665689
2330,267241
2331,267557
2332,2675838
2333,26766
2334,268079
2335,268080
2336,26818
2337,2684640
2338,26867
2339,268838
2340,268884
2341,26958
2342,26963
2343,2698496
2344,270267
2345,2704054
2346,2706
2347,27065
2348,2708
2349,2708174
2350,2708425
2351,2708920
2352,2708984
2353,2709
2354,2711
2355,271192
2356,271229
2357,271242
2358,271254
2359,271556
2360,271790
2361,27223
2362,27228
2363,2724783
2364,2724786
2365,2724787
2366,2724789
2367,2724790
2368,27254
2369,27257
2370,2725880
2371,272673
2372,2732585
2373,273621
2374,2736914
2375,2736915
2376,2736927
2377,273783
2378,273784
2379,273800
2380,2743462
2381,2746503
2382,2746968
2383,2753859
2384,2759
2385,2759858
2386,2762152
2387,2763534
2388,276781
2389,2768810
2390,2771404
2391,2777055
2392,2777731
2393,277990
2394,278672
2395,278673
2396,279240
2397,2793474
2398,279737
2399,2799819
2400,280013
2401,280014
2402,280048
2403,2801115
2404,2803977
2405,2805010
2406,280577
2407,2806839
2408,280748
2409,281083
2410,281395
2411,2815114
2412,2818046
2413,2821351
2414,282214
2415,282717
2416,282719
2417,282743
2418,283089
2419,283101
2420,283104
2421,283112
2422,283210
2423,2834525
2424,2835904
2425,2836338
2426,2836339
2427,2836346
2428,2841342
2429,2841735
2430,2843217
2431,284492
2432,284552
2433,284555
2434,28470
2435,2849020
2436,2849586
2437,28502
2438,28509
2439,28511
2440,28513
2441,28516
2442,2851910
2443,2851915
2444,28525
2445,28526
2446,28543
2447,28545
2448,285591
2449,285825
2450,2859579
2451,286192
2452,2873755
2453,2874636
2454,287593
2455,287721
2456,2884811
2457,288835
2458,288953
2459,28908
2460,2892480
2461,28930
2462,2893860
2463,2895326
2464,2896040
2465,289630
2466,289640
2467,289642
2468,289652
2469,289665
2470,289672
2471,289730
2472,289731
2473,28974
2474,289751
2475,289774
2476,289800
2477,289864
2478,290845
2479,290976
2480,290980
2481,290983
2482,290995
2483,290996
2484,2909989
2485,2909991
2486,291018
2487,2911697
2488,291211
2489,2915486
2490,2915487
2491,2915488
2492,292001
2493,292393
2494,292646
2495,292647
2496,292682
2497,293478
2498,293507
2499,293508
2500,294000
2501,294142
2502,294156
2503,294170
2504,294171
2505,294377
2506,2945238
2507,2945239
2508,2945380
2509,294733
2510,295145
2511,295159
2512,295183
2513,2952425
2514,2956716
2515,29585
2516,29587
2517,29588
2518,29600
2519,29601
2520,296034
2521,296036
2522,296042
2523,29607
2524,29614
2525,29615
2526,29655
2527,29656
2528,2966546
2529,29683
2530,296848
2531,296862
2532,29695
2533,29728
2534,29729
2535,29740
2536,29760
2537,2976026
2538,29780
2539,29797
2540,29800
2541,29802
2542,29811
2543,298313
2544,2983453
2545,298346
2546,2984678
2547,298518
2548,298520
2549,298523
2550,298527
2551,298535
2552,298643
2553,298683
2554,2986939
2555,2991844
2556,300208
2557,300888
2558,300943
2559,300974
2560,300977
2561,300995
2562,301346
2563,301453
2564,301454
2565,3015646
2566,3015664
2567,301877
2568,301914
2569,3026370
2570,3029464
2571,3029465
2572,303142
2573,303144
2574,3046967
2575,3054905
2576,3054907
2577,3054909
2578,3054911
2579,306515
2580,306916
2581,3069367
2582,306960
2583,306991
2584,307165
2585,307724
2586,309270
2587,309271
2588,309276
2589,309283
2590,309290
2591,309429
2592,309431
2593,309432
2594,309979
2595,310425
2596,311405
2597,312423
2598,312531
2599,312566
2600,312836
2601,313120
2602,313513
2603,313936
2604,313966
2605,313968
2606,314340
2607,314416
2608,316257
2609,316491
2610,316508
2611,316640
2612,316698
2613,316700
2614,316701
2615,316706
2616,316728
2617,316729
2618,316745
2619,316746
2620,316757
2621,316758
2622,316845
2623,316855
2624,316905
2625,316916
2626,316917
2627,318058
2628,318061
2629,318062
2630,318066
2631,318068
2632,318969
2633,318970
2634,318982
2635,3193
2636,3195
2637,319561
2638,319571
2639,3196
2640,319607
2641,3197
2642,3199
2643,3201
2644,3202
2645,320344
2646,320345
2647,32071
2648,32072
2649,32079
2650,32084
2651,32100
2652,32101
2653,3214
2654,32151
2655,32152
2656,321593
2657,321607
2658,32186
2659,32187
2660,32189
2661,32194
2662,32201
2663,32202
2664,32218
2665,32219
2666,32220
2667,32221
2668,32228
2669,32230
2670,32239
2671,32247
2672,32258
2673,323033
2674,323067
2675,323115
2676,3237
2677,3238
2678,3239
2679,3240
2680,3244
2681,3245
2682,324555
2683,324593
2684,3246
2685,324794
2686,324795
2687,324797
2688,3249
2689,3250
2690,3251
2691,3252
2692,325284
2693,325289
2694,325294
2695,3255
2696,3256
2697,3257
2698,3258
2699,3262
2700,3268
2701,326854
2702,3269
2703,326968
2704,3270
2705,3271
2706,3275
2707,3278
2708,328098
2709,328401
2710,3287
2711,328752
2712,328781
2713,328782
2714,3289
2715,329212
2716,3296
2717,3297
2718,3298
2719,3299
2720,3300
2721,330177
2722,3303
2723,3304
2724,3308
2725,330892
2726,3309
2727,33090
2728,3310
2729,3311
2730,33113
2731,33118
2732,33119
2733,33120
2734,33125
2735,33127
2736,33128
2737,3313
2738,3315
2739,33152
2740,3316
2741,3317
2742,3318
2743,3319
2744,332435
2745,3325
2746,3326
2747,3328
2748,3329
2749,3330
2750,3331
2751,3334
2752,3335
2753,3337
2754,334249
2755,3344
2756,334483
2757,334663
2758,334676
2759,334689
2760,3348
2761,3349
2762,335179
2763,3352
2764,3353
2765,3356
2766,3357
2767,3358
2768,3359
2769,3362
2770,3363
2771,3367
2772,3372
2773,3374
2774,3375
2775,3376
2776,3377
2777,3378
2778,3379
2779,3380
2780,338494
2781,3385
2782,338571
2783,3386
2784,3387
2785,3389
2786,339321
2787,3394
2788,3395
2789,3397
2790,3398
2791,3400
2792,3401
2793,3402
2794,340443
2795,340444
2796,340636
2797,341012
2798,341013
2799,3413
2800,3415
2801,34165
2802,3417
2803,34175
2804,34193
2805,34199
2806,34203
2807,34205
2808,3421
2809,3424
2810,3425
2811,34253
2812,34254
2813,34256
2814,3426
2815,34268
2816,34274
2817,34316
2818,3432
2819,34329
2820,3433
2821,3434
2822,34340
2823,3435
2824,3440
2825,344080
2826,3441
2827,3442
2828,344832
2829,344861
2830,3450
2831,3451
2832,345108
2833,345151
2834,3452
2835,345239
2836,3455
2837,345802
2838,345807
2839,345808
2840,345815
2841,345817
2842,3462
2843,3463
2844,346403
2845,3465
2846,3466
2847,3467
2848,3468
2849,3469
2850,346985
2851,346999
2852,347388
2853,3474
2854,3481
2855,348168
2856,3482
2857,3483
2858,3484
2859,348477
2860,3485
2861,3486
2862,3487
2863,3488
2864,3489
2865,3493
2866,3494
2867,3495
2868,349509
2869,3497
2870,3498
2871,3499
2872,3500
2873,3501
2874,3502
2875,3503
2876,3504
2877,3507
2878,3511
2879,3512
2880,3513
2881,351340
2882,3514
2883,3515
2884,3518
2885,352190
2886,3524
2887,3525
2888,3526
2889,3527
2890,3528
2891,3532
2892,3533
2893,3536
2894,353920
2895,353936
2896,353968
2897,3540
2898,354074
2899,3542
2900,3543
2901,354493
2902,354501
2903,354519
2904,354523
2905,354524
2906,354526
2907,354529
2908,354530
2909,354624
2910,35493
2911,3550
2912,355332
2913,3554
2914,3555
2915,355589
2916,3558
2917,355937
2918,35608
2919,3561
2920,3562
2921,35625
2922,356268
2923,356269
2924,35627
2925,3563
2926,3564
2927,3568
2928,3569
2929,357089
2930,357094
2931,357095
2932,3571
2933,35711
2934,3572
2935,3573
2936,357845
2937,357850
2938,3579
2939,3581
2940,3582
2941,3584
2942,3585
2943,3586
2944,35883
2945,35899
2946,3590
2947,35916
2948,359160
2949,35922
2950,35924
2951,35925
2952,3593
2953,35932
2954,35933
2955,35936
2956,35937
2957,35938
2958,3596
2959,3602
2960,3603
2961,3604
2962,3606
2963,3607
2964,3608
2965,3609
2966,3610
2967,3615
2968,3616
2969,3617
2970,3618
2971,3620
2972,3621
2973,3623
2974,3624
2975,3625
2976,362646
2977,3627
2978,362728
2979,362821
2980,3629
2981,3630
2982,3633
2983,3635
2984,3640
2985,3641
2986,3642
2987,364270
2988,3644
2989,3645
2990,3646
2991,3647
2992,3648
2993,3649
2994,3650
2995,3651
2996,3652
2997,3653
2998,3655
2999,3656
3000,3659
3001,36590
3002,36596
3003,36599
3004,3660
3005,36603
3006,36605
3007,36606
3008,36607
3009,36609
3010,36610
3011,36622
3012,36623
3013,3663
3014,366638
3015,366663
3016,3667
3017,3668
3018,3669
3019,3670
3020,3671
3021,3673
3022,367342
3023,367354
3024,3674
3025,36747
3026,3676
3027,3677
3028,36776
3029,36777
3030,3680
3031,3681
3032,3683
3033,3684
3034,3685
3035,3688
3036,3689
3037,368926
3038,3693
3039,3699
3040,3700
3041,3701
3042,3702
3043,3703
3044,3704
3045,3705
3046,3707
3047,3710
3048,371028
3049,3711
3050,3712
3051,3717
3052,371726
3053,371859
3054,3725
3055,3726
3056,372693
3057,3727
3058,372712
3059,372763
3060,3729
3061,3733
3062,3734
3063,3735
3064,3737
3065,3740
3066,3741
3067,374122
3068,37428
3069,3743
3070,3744
3071,3745
3072,37456
3073,3746
3074,3747
3075,374723
3076,3749
3077,37490
3078,3750
3079,3751
3080,375215
3081,375220
3082,375249
3083,375252
3084,375255
3085,375272
3086,375274
3087,375278
3088,3754
3089,3755
3090,37564
3091,37565
3092,3758
3093,3760
3094,3761
3095,3764
3096,37656
3097,376580
3098,3766
3099,376710
3100,376798
3101,37690
3102,3776
3103,3779
3104,3781
3105,37818
3106,3782
3107,3784
3108,378412
3109,378414
3110,3792
3111,379240
3112,379279
3113,379297
3114,3796
3115,3798
3116,379951
3117,3801
3118,380129
3119,3803
3120,3804
3121,3805
3122,3807
3123,3808
3124,3812
3125,381272
3126,3813
3127,3814
3128,3817
3129,3818
3130,38190
3131,3820
3132,38208
3133,3821
3134,3822
3135,3824
3136,3826
3137,3827
3138,3828
3139,3833
3140,3835
3141,38352
3142,3841
3143,38411
3144,38412
3145,3846
3146,384659
3147,3847
3148,3851
3149,3853
3150,3860
3151,386106
3152,386183
3153,386239
3154,3863
3155,3864
3156,386449
3157,3865
3158,3866
3159,3867
3160,387127
3161,38727
3162,387291
3163,38730
3164,387526
3165,387527
3166,3877
3167,38784
3168,38789
3169,3879
3170,3880
3171,3881
3172,3882
3173,38820
3174,388295
3175,3883
3176,388302
3177,3884
3178,38843
3179,38844
3180,38845
3181,38846
3182,38847
3183,38848
3184,3885
3185,388580
3186,38862
3187,38868
3188,38869
3189,3887
3190,38871
3191,38872
3192,38873
3193,3888
3194,3892
3195,3893
3196,3894
3197,389499
3198,3896
3199,3897
3200,3898
3201,3899
3202,3904
3203,390501
3204,3906
3205,390699
3206,390710
3207,3913
3208,39130
3209,3914
3210,3915
3211,39168
3212,39169
3213,3917
3214,39170
3215,39171
3216,39172
3217,39173
3218,39174
3219,39176
3220,39177
3221,39197
3222,3921
3223,39249
3224,3925
3225,39251
3226,39257
3227,392642
3228,392646
3229,392704
3230,39271
3231,392747
3232,3928
3233,3929
3234,3931
3235,3932
3236,39324
3237,39329
3238,39330
3239,39338
3240,3934
3241,39347
3242,39348
3243,39350
3244,39352
3245,39353
3246,39358
3247,393608
3248,39367
3249,39388
3250,3939
3251,39414
3252,3942
3253,39500
3254,39501
3255,39502
3256,39509
3257,39517
3258,39519
3259,39528
3260,395280
3261,39529
3262,39534
3263,39538
3264,3954
3265,3956
3266,3958
3267,39584
3268,39613
3269,3963
3270,396367
3271,396489
3272,3971
3273,397169
3274,397177
3275,397188
3276,3973
3277,397402
3278,397404
3279,397632
3280,397648
3281,397652
3282,3977
3283,3980
3284,3982
3285,398295
3286,3983
3287,3984
3288,39847
3289,39848
3290,3985
3291,3987
3292,39879
3293,3988
3294,3990
3295,3991
3296,3995
3297,3996
3298,3997
3299,39979
3300,3998
3301,39983
3302,39987
3303,3999
3304,39992
3305,39993
3306,39994
3307,39996
3308,39998
3309,4000
3310,40008
3311,4001
3312,40017
3313,4002
3314,40029
3315,40030
3316,4004
3317,4005
3318,4006
3319,4007
3320,4011
3321,4012
3322,4014
3323,4015
3324,4018
3325,401898
3326,4019
3327,4020
3328,4022
3329,4023
3330,4024
3331,4025
3332,4027
3333,4028
3334,4030
3335,403099
3336,403110
3337,403114
3338,403115
3339,4033
3340,40336
3341,4034
3342,4036
3343,403665
3344,403666
3345,403667
3346,4037
3347,4038
3348,4039
3349,4040
3350,4041
3351,4042
3352,4043
3353,4044
3354,4045
3355,4046
3356,404691
3357,4047
3358,4048
3359,4050
3360,4051
3361,4052
3362,4053
3363,405316
3364,405319
3365,405321
3366,4054
3367,40548
3368,4055
3369,40550
3370,40551
3371,40552
3372,4056
3373,40568
3374,4057
3375,40573
3376,405757
3377,4058
3378,40588
3379,40589
3380,4059
3381,40685
3382,4069
3383,40698
3384,4070
3385,4071
3386,4072
3387,4073
3388,4074
3389,40749
3390,4076
3391,4078
3392,40787
3393,4079
3394,4081
3395,4082
3396,4083
3397,4084
3398,4085
3399,40867
3400,40869
3401,40886
3402,40888
3403,40890
3404,40898
3405,4090
3406,40902
3407,40906
3408,40909
3409,40917
3410,40919
3411,40921
3412,40922
3413,409281
3414,40948
3415,40949
3416,40958
3417,4097
3418,4100
3419,4101
3420,4107
3421,4111
3422,4112
3423,4113
3424,4118
3425,4119
3426,4120
3427,41225
3428,41227
3429,41228
3430,41229
3431,41230
3432,4128
3433,413251
3434,413276
3435,413301
3436,413302
3437,4136
3438,413686
3439,4137
3440,41377
3441,4138
3442,41387
3443,41389
3444,4139
3445,41390
3446,4143
3447,4144
3448,4145
3449,4146
3450,41469
3451,4147
3452,41479
3453,41485
3454,41486
3455,4149
3456,41491
3457,41492
3458,41495
3459,41496
3460,41503
3461,41522
3462,41537
3463,41549
3464,41550
3465,41568
3466,41574
3467,41589
3468,416102
3469,416185
3470,41622
3471,41623
3472,41629
3473,416296
3474,4163
3475,4164
3476,41642
3477,417012
3478,417013
3479,4173
3480,417315
3481,41768
3482,41773
3483,41775
3484,41776
3485,41787
3486,41789
3487,4180
3488,4181
3489,4182
3490,418274
3491,418279
3492,4183
3493,4184
3494,4185
3495,41867
3496,4190
3497,41934
3498,41937
3499,41938
3500,41943
3501,41944
3502,41945
3503,41946
3504,41947
3505,41964
3506,41972
3507,4199
3508,41993
3509,41994
3510,4200
3511,4201
3512,4202
3513,4203
3514,4204
3515,4205
3516,4206
3517,4209
3518,4210
3519,4216
3520,4217
3521,4219
3522,421921
3523,42195
3524,42196
3525,4220
3526,42216
3527,42219
3528,42226
3529,42228
3530,42229
3531,422313
3532,4231
3533,4232
3534,4233
3535,423302
3536,42333
3537,42336
3538,42337
3539,42345
3540,4235
3541,4236
3542,4239
3543,424428
3544,424520
3545,424551
3546,424555
3547,424565
3548,424566
3549,424573
3550,425151
3551,425828
3552,425908
3553,426106
3554,42627
3555,4264
3556,4265
3557,4268
3558,4269
3559,4270
3560,427154
3561,427217
3562,427218
3563,4274
3564,4275
3565,427802
3566,427808
3567,427810
3568,4281
3569,428268
3570,4283
3571,4285
3572,4286
3573,4289
3574,4290
3575,4292
3576,429266
3577,4294
3578,429495
3579,429496
3580,429499
3581,4295
3582,429500
3583,429507
3584,429528
3585,429529
3586,429560
3587,429696
3588,429699
3589,429701
3590,429712
3591,4298
3592,4305
3593,4306
3594,4307
3595,43070
3596,4309
3597,430989
3598,43166
3599,43170
3600,43171
3601,43174
3602,4319
3603,43195
3604,43233
3605,4324
3606,432447
3607,4325
3608,432674
3609,4328
3610,4329
3611,4335
3612,43363
3613,43364
3614,43365
3615,43366
3616,434060
3617,43449
3618,4345
3619,4346
3620,43460
3621,43461
3622,43462
3623,434641
3624,43486
3625,43492
3626,43493
3627,43521
3628,43522
3629,43523
3630,43525
3631,43526
3632,43535
3633,43543
3634,43574
3635,435763
3636,435764
3637,4360
3638,4363
3639,4364
3640,4365
3641,436500
3642,43690
3643,43707
3644,43708
3645,43710
3646,43718
3647,43722
3648,43724
3649,43725
3650,43728
3651,4374
3652,4375
3653,4377
3654,4378
3655,4381
3656,4382
3657,43850
3658,43852
3659,43853
3660,43857
3661,43860
3662,43863
3663,43864
3664,43868
3665,43873
3666,43890
3667,43891
3668,43894
3669,4390
3670,43908
3671,4391
3672,439142
3673,4392
3674,4395
3675,4397
3676,4398
3677,439901
3678,439908
3679,439927
3680,439928
3681,439929
3682,4400
3683,4401
3684,4402
3685,4403
3686,4410
3687,4415
3688,441548
3689,441552
3690,4418
3691,442491
3692,4429
3693,4430
3694,4432
3695,4437
3696,4439
3697,4441
3698,4442
3699,4443
3700,4447
3701,4449
3702,445234
3703,4454
3704,4455
3705,4456
3706,4459
3707,4460
3708,446121
3709,446348
3710,4464
3711,4465
3712,4473
3713,4476
3714,447676
3715,4477
3716,4479
3717,44947
3718,4496
3719,4497
3720,4498
3721,44985
3722,44986
3723,44987
3724,44988
3725,44989
3726,450024
3727,450034
3728,450035
3729,450040
3730,450273
3731,450288
3732,4504
3733,4505
3734,4512
3735,4513
3736,451700
3737,45171
3738,45178
3739,45183
3740,45184
3741,45188
3742,45190
3743,45193
3744,45194
3745,4520
3746,45207
3747,4521
3748,4527
3749,4528
3750,4530
3751,45314
3752,45319
3753,45324
3754,45325
3755,45371
3756,45372
3757,45385
3758,4539
3759,453958
3760,4541
3761,4543
3762,4546
3763,45463
3764,4547
3765,4549
3766,454933
3767,4550
3768,455430
3769,4557
3770,4558
3771,4564
3772,4565
3773,4567
3774,45678
3775,45679
3776,4568
3777,4569
3778,4571
3779,4572
3780,457243
3781,4575
3782,4577
3783,4581
3784,458136
3785,4583
3786,45834
3787,458351
3788,458353
3789,45843
3790,458530
3791,458531
3792,458695
3793,458696
3794,45894
3795,45895
3796,45902
3797,459060
3798,459110
3799,459148
3800,459167
3801,459595
3802,459596
3803,459628
3804,4605
3805,4609
3806,46097
3807,46098
3808,4610
3809,46108
3810,46111
3811,46112
3812,4613
3813,4614
3814,46147
3815,4615
3816,461634
3817,4618
3818,4619
3819,4622
3820,46220
3821,462386
3822,462473
3823,462475
3824,462485
3825,462523
3826,4626
3827,462690
3828,4627
3829,4628
3830,462879
3831,4629
3832,4630
3833,4631
3834,46347
3835,46366
3836,46367
3837,4637
3838,4638
3839,463880
3840,4639
3841,46394
3842,4640
3843,464023
3844,4641
3845,46415
3846,46416
3847,46417
3848,4642
3849,4643
3850,4645
3851,4647
3852,4650
3853,4652
3854,4653
3855,4654
3856,4660
3857,46611
3858,466205
3859,466223
3860,466224
3861,4665
3862,4667
3863,4668
3864,4671
3865,4672
3866,467334
3867,467335
3868,4674
3869,4675
3870,4677
3871,467743
3872,4678
3873,46786
3874,4679
3875,468147
3876,468156
3877,468162
3878,4682
3879,4683
3880,4684
3881,4685
3882,4688
3883,46944
3884,46945
3885,46960
3886,46961
3887,46968
3888,46970
3889,46977
3890,46979
3891,46984
3892,46985
3893,46988
3894,469924
3895,469936
3896,469944
3897,46995
3898,469955
3899,46996
3900,4703
3901,470567
3902,470568
3903,47080
3904,47081
3905,47082
3906,47083
3907,47085
3908,47096
3909,47097
3910,4710
3911,47100
3912,47101
3913,4711
3914,4713
3915,4719
3916,4721
3917,4722
3918,472369
3919,4724
3920,47247
3921,4725
3922,4729
3923,473045
3924,4731
3925,4732
3926,4733
3927,4734
3928,4739
3929,4740
3930,4741
3931,4747
3932,476039
3933,47605
3934,476207
3935,476944
3936,477017
3937,477046
3938,477065
3939,477101
3940,477111
3941,477113
3942,477864
3943,478035
3944,478036
3945,478038
3946,478951
3947,478958
3948,47964
3949,48031
3950,48032
3951,48037
3952,48041
3953,48042
3954,480422
3955,48052
3956,48101
3957,48110
3958,48118
3959,48119
3960,48130
3961,48131
3962,48233
3963,48239
3964,482477
3965,482937
3966,482942
3967,482945
3968,482947
3969,483143
3970,483231
3971,483232
3972,48385
3973,48386
3974,484171
3975,48522
3976,48523
3977,485725
3978,485821
3979,485822
3980,485823
3981,486047
3982,486053
3983,486059
3984,486070
3985,486071
3986,486073
3987,486075
3988,486076
3989,486078
3990,486084
3991,486085
3992,486087
3993,486089
3994,486092
3995,48731
3996,48732
3997,487684
3998,488216
3999,489013
4000,489017
4001,489020
4002,489021
4003,489022
4004,489023
4005,489024
4006,489313
4007,490007
4008,49035
4009,49036
4010,49170
4011,49188
4012,492004
4013,49212
4014,49215
4015,49216
4016,49220
4017,49225
4018,49274
4019,49314
4020,49317
4021,49390
4022,494576
4023,49464
4024,49493
4025,49511
4026,49518
4027,49541
4028,49551
4029,49559
4030,49562
4031,49563
4032,49576
4033,49577
4034,49606
4035,49647
4036,49656
4037,49657
4038,49662
4039,496686
4040,49669
4041,49674
4042,49716
4043,49717
4044,49743
4045,49747
4046,497764
4047,49785
4048,49796
4049,49797
4050,49800
4051,49801
4052,49815
4053,49818
4054,49825
4055,49827
4056,49828
4057,49840
4058,49852
4059,49986
4060,49987
4061,49988
4062,49990
4063,49992
4064,499988
4065,500452
4066,50110
4067,50126
4068,50152
4069,50173
4070,50174
4071,50225
4072,50230
4073,50241
4074,502527
4075,502528
4076,502752
4077,502757
4078,502759
4079,50278
4080,50304
4081,50346
4082,50362
4083,504044
4084,50451
4085,50460
4086,50465
4087,50507
4088,507442
4089,50765
4090,50809
4091,50810
4092,50864
4093,508957
4094,508996
4095,509012
4096,50992
4097,510735
4098,51088
4099,51089
4100,511494
4101,511502
4102,511538
4103,511544
4104,51238
4105,51239
4106,51240
4107,51255
4108,512623
4109,51276
4110,51377
4111,51383
4112,51428
4113,51466
4114,51474
4115,51475
4116,51502
4117,515877
4118,516071
4119,516546
4120,516551
4121,518704
4122,519208
4123,519515
4124,520842
4125,52148
4126,522534
4127,52291
4128,52294
4129,52455
4130,52456
4131,52470
4132,52471
4133,52477
4134,52502
4135,52521
4136,52523
4137,526192
4138,527508
4139,52841
4140,52847
4141,52851
4142,52854
4143,52858
4144,52860
4145,52862
4146,53051
4147,53158
4148,53159
4149,53164
4150,53173
4151,53178
4152,533031
4153,53586
4154,53625
4155,53718
4156,53719
4157,53736
4158,53747
4159,53751
4160,538263
4161,53828
4162,53829
4163,538303
4164,538304
4165,538325
4166,538345
4167,53845
4168,53846
4169,53851
4170,53853
4171,53862
4172,53864
4173,53866
4174,53872
4175,53873
4176,53876
4177,53882
4178,53883
4179,53887
4180,53888
4181,53890
4182,53892
4183,53897
4184,539024
4185,53905
4186,53911
4187,53922
4188,53925
4189,53927
4190,53933
4191,539895
4192,54223
4193,54240
4194,542674
4195,543392
4196,543981
4197,54464
4198,54476
4199,54477
4200,545644
4201,54672
4202,546995
4203,54711
4204,54755
4205,54778
4206,54795
4207,54796
4208,54801
4209,54804
4210,54806
4211,54829
4212,54873
4213,54874
4214,54877
4215,548852
4216,548853
4217,54891
4218,549434
4219,549704
4220,549705
4221,55182
4222,55184
4223,55185
4224,55188
4225,553462
4226,553485
4227,55360
4228,55367
4229,55372
4230,55386
4231,55463
4232,55474
4233,55482
4234,55483
4235,554831
4236,554832
4237,554837
4238,55512
4239,55513
4240,55575
4241,55597
4242,55634
4243,55635
4244,556505
4245,556509
4246,55669
4247,55670
4248,55671
4249,556906
4250,557013
4251,558542
4252,558547
4253,55955
4254,55956
4255,55957
4256,55958
4257,55961
4258,55962
4259,56016
4260,56018
4261,56031
4262,56033
4263,56036
4264,56060
4265,56063
4266,561305
4267,56196
4268,564598
4269,56522
4270,56523
4271,566045
4272,56627
4273,56628
4274,56630
4275,56632
4276,56889
4277,569834
4278,56997
4279,56998
4280,57008
4281,57009
4282,570480
4283,57115
4284,57121
4285,57122
4286,571920
4287,57203
4288,572236
4289,573716
4290,574477
4291,57522
4292,57577
4293,57653
4294,57654
4295,577036
4296,577683
4297,578534
4298,578535
4299,578536
4300,57912
4301,57917
4302,57918
4303,57919
4304,57926
4305,57933
4306,57937
4307,57940
4308,57943
4309,58019
4310,58023
4311,58024
4312,58032
4313,58033
4314,580341
4315,58039
4316,58040
4317,58043
4318,58046
4319,58048
4320,58168
4321,58227
4322,58228
4323,58331
4324,58381
4325,58385
4326,58412
4327,58416
4328,58420
4329,58445
4330,58461
4331,58507
4332,585483
4333,58643
4334,58656
4335,58659
4336,58660
4337,587578
4338,587579
4339,587580
4340,587581
4341,587658
4342,587664
4343,588669
4344,58871
4345,58875
4346,58880
4347,58882
4348,58889
4349,58890
4350,58891
4351,58893
4352,58933
4353,58944
4354,58949
4355,590021
4356,590031
4357,590033
4358,59015
4359,59016
4360,59020
4361,59039
4362,59040
4363,59044
4364,59045
4365,59066
4366,59067
4367,59070
4368,59167
4369,59169
4370,59170
4371,59171
4372,592599
4373,59293
4374,593754
4375,59430
4376,59588
4377,59595
4378,59626
4379,59634
4380,59683
4381,597304
4382,597318
4383,597388
4384,597391
4385,597401
4386,59788
4387,59895
4388,59977
4389,59981
4390,59986
4391,60041
4392,60042
4393,60043
4394,60050
4395,60055
4396,60057
4397,60077
4398,60092
4399,60093
4400,60120
4401,60418
4402,60423
4403,60437
4404,610157
4405,61132
4406,61133
4407,61141
4408,61222
4409,61309
4410,61310
4411,61508
4412,61589
4413,616994
4414,62097
4415,62111
4416,62330
4417,62340
4418,62342
4419,627158
4420,627609
4421,62858
4422,62865
4423,62890
4424,629714
4425,629715
4426,629768
4427,63063
4428,63065
4429,63066
4430,63083
4431,63084
4432,63350
4433,63351
4434,63357
4435,63459
4436,63461
4437,63467
4438,63479
4439,63501
4440,637889
4441,63800
4442,63801
4443,63802
4444,63803
4445,63804
4446,63812
4447,638625
4448,638922
4449,638923
4450,64025
4451,64034
4452,64040
4453,640630
4454,640652
4455,64117
4456,64118
4457,642532
4458,642802
4459,642903
4460,644748
4461,64475
4462,64480
4463,64575
4464,64580
4465,64585
4466,64596
4467,647088
4468,647262
4469,648857
4470,648858
4471,649195
4472,649763
4473,65009
4474,650306
4475,653096
4476,65352
4477,65409
4478,655181
4479,655516
4480,65556
4481,65557
4482,65558
4483,65559
4484,65560
4485,65561
4486,655924
4487,65772
4488,658448
4489,65947
4490,65979
4491,66013
4492,66014
4493,66017
4494,66027
4495,660624
4496,66093
4497,66096
4498,66172
4499,66207
4500,66230
4501,662901
4502,66379
4503,66647
4504,66659
4505,66663
4506,66667
4507,66669
4508,66670
4509,66671
4510,66672
4511,668907
4512,668910
4513,669488
4514,669631
4515,669713
4516,670377
4517,670378
4518,671254
4519,671526
4520,673928
4521,673929
4522,676073
4523,67937
4524,680190
4525,681286
4526,681400
4527,681403
4528,681405
4529,681408
4530,681412
4531,681416
4532,681418
4533,681426
4534,681427
4535,681430
4536,681431
4537,681432
4538,681436
4539,681437
4540,681438
4541,681439
4542,681442
4543,681448
4544,681459
4545,681460
4546,681462
4547,681463
4548,681464
4549,681466
4550,681473
4551,681474
4552,681476
4553,681478
4554,681479
4555,681480
4556,681481
4557,681483
4558,681484
4559,681486
4560,681488
4561,681489
4562,681493
4563,681494
4564,681495
4565,681502
4566,681506
4567,682665
4568,684742
4569,68526
4570,68527
4571,68543
4572,68549
4573,68553
4574,68554
4575,688039
4576,68865
4577,69008
4578,690340
4579,69062
4580,69067
4581,69108
4582,69111
4583,69114
4584,69116
4585,69117
4586,69118
4587,69119
4588,692141
4589,69266
4590,693335
4591,693341
4592,69374
4593,69375
4594,693762
4595,693763
4596,693765
4597,693768
4598,69380
4599,69381
4600,69384
4601,69388
4602,69390
4603,69391
4604,69414
4605,694344
4606,69450
4607,69451
4608,69453
4609,69461
4610,69848
4611,69867
4612,698833
4613,699056
4614,69911
4615,69923
4616,702244
4617,703251
4618,703253
4619,703530
4620,703537
4621,703538
4622,703540
4623,70869
4624,709053
4625,71187
4626,71232
4627,71239
4628,71243
4629,71250
4630,71251
4631,71274
4632,71275
4633,71402
4634,714442
4635,714451
4636,714454
4637,714458
4638,714465
4639,714492
4640,714499
4641,714502
4642,714503
4643,71610
4644,71641
4645,71654
4646,717058
4647,72025
4648,720621
4649,72152
4650,72165
4651,72166
4652,72167
4653,72171
4654,721788
4655,721789
4656,721808
4657,721813
4658,72332
4659,72341
4660,72351
4661,72377
4662,72383
4663,72384
4664,72402
4665,72403
4666,72647
4667,72934
4668,72935
4669,72968
4670,72977
4671,73102
4672,73103
4673,73121
4674,73152
4675,73200
4676,73496
4677,742010
4678,742011
4679,74353
4680,745062
4681,745067
4682,745069
4683,745087
4684,74613
4685,74635
4686,74638
4687,74645
4688,74647
4689,74652
4690,74656
4691,74663
4692,74694
4693,748691
4694,748693
4695,748694
4696,748704
4697,74951
4698,74952
4699,74957
4700,74959
4701,74960
4702,75062
4703,75079
4704,75085
4705,751800
4706,751853
4707,754105
4708,756371
4709,756587
4710,75708
4711,75714
4712,75947
4713,75954
4714,75960
4715,76024
4716,76025
4717,761058
4718,761062
4719,761070
4720,761083
4721,76154
4722,76277
4723,76306
4724,76373
4725,76374
4726,764175
4727,76434
4728,76442
4729,76444
4730,76500
4731,76578
4732,76950
4733,76958
4734,76966
4735,77005
4736,77014
4737,77035
4738,77049
4739,77069
4740,77071
4741,77072
4742,77325
4743,77338
4744,77871
4745,77872
4746,77879
4747,77880
4748,77882
4749,77886
4750,77892
4751,77893
4752,77900
4753,77903
4754,77912
4755,78168
4756,78191
4757,78371
4758,78372
4759,78373
4760,78374
4761,78377
4762,78464
4763,78511
4764,78532
4765,78534
4766,78536
4767,78630
4768,78632
4769,78706
4770,78707
4771,79002
4772,79021
4773,79022
4774,79235
4775,79255
4776,79318
4777,79331
4778,795077
4779,795080
4780,79558
4781,79559
4782,79560
4783,79578
4784,796002
4785,796003
4786,796950
4787,79772
4788,79830
4789,798326
4790,79850
4791,79854
4792,79855
4793,80276
4794,80299
4795,80335
4796,80336
4797,80903
4798,81733
4799,81964
4800,81982
4801,82047
4802,82096
4803,82113
4804,82154
4805,82156
4806,82207
4807,82213
4808,82270
4809,82318
4810,82382
4811,82397
4812,82403
4813,82411
4814,82426
4815,82445
4816,82453
4817,82454
4818,82456
4819,82457
4820,82502
4821,82528
4822,82530
4823,82715
4824,82716
4825,82956
4826,83153
4827,83154
4828,83431
4829,83582
4830,83598
4831,83607
4832,83711
4833,83716
4834,83725
4835,83734
4836,83819
4837,83905
4838,83906
4839,83936
4840,83937
4841,83938
4842,83946
4843,84005
4844,84009
4845,84209
4846,84858
4847,84860
4848,84861
4849,85159
4850,85180
4851,85181
4852,85191
4853,85195
4854,85204
4855,85206
4856,85208
4857,85215
4858,85216
4859,85222
4860,85223
4861,85232
4862,85238
4863,85249
4864,85258
4865,85281
4866,85282
4867,85284
4868,85293
4869,85297
4870,85351
4871,85363
4872,85571
4873,85692
4874,85712
4875,85717
4876,85718
4877,857597
4878,85855
4879,85856
4880,858905
4881,86093
4882,861395
4883,864330
4884,864332
4885,86640
4886,86643
4887,866800
4888,867486
4889,86858
4890,86864
4891,86982
4892,870738
4893,871999
4894,872014
4895,872542
4896,87658
4897,87753
4898,877976
4899,879919
4900,88036
4901,882917
4902,883765
4903,883772
4904,883796
4905,886583
4906,886697
4907,886714
4908,886729
4909,886730
4910,886734
4911,886939
4912,88726
4913,88849
4914,891976
4915,89629
4916,89630
4917,89639
4918,90308
4919,90309
4920,90363
4921,90364
4922,90446
4923,90460
4924,904691
4925,905076
4926,90593
4927,90707
4928,908227
4929,909164
4930,909202
4931,91062
4932,91082
4933,91095
4934,91097
4935,91112
4936,91118
4937,911294
4938,911296
4939,911341
4940,91155
4941,91200
4942,91201
4943,91211
4944,91214
4945,91227
4946,91246
4947,912968
4948,91507
4949,91508
4950,91516
4951,91518
4952,91812
4953,91829
4954,91834
4955,91835
4956,91836
4957,91882
4958,91883
4959,91888
4960,91889
4961,91896
4962,928046
4963,928660
4964,92905
4965,92910
4966,92914
4967,92915
4968,92920
4969,92921
4970,92927
4971,930814
4972,931318
4973,932098
4974,93292
4975,93293
4976,93750
4977,93751
4978,93752
4979,93758
4980,93765
4981,93787
4982,93788
4983,93803
4984,939152
4985,93976
4986,93977
4987,940967
4988,941537
4989,942061
4990,94285
4991,94286
4992,94326
4993,94327
4994,94328
4995,943292
4996,94334
4997,94345
4998,94350
4999,94356
5000,94377
5001,94378
5002,94550
5003,947883
5004,947889
5005,948959
5006,96273
5007,96295
5008,96479
5009,96512
5010,96520
5011,97007
5012,97174
5013,97234
5014,97748
5015,97751
5016,980193
5017,981071
5018,983179
5019,983182
5020,983245
5021,983543
5022,983927
5023,983930
5024,983931
5025,98504
5026,986140
5027,986195
5028,986196
5029,986250
5030,98683
5031,98722
5032,98727
5033,98745
5034,99019
5035,99028
5036,99036
5037,99037
5038,99071
5039,99072
5040,99105
5041,992795
5042,992860
5043,992868
5044,99291
5045,99293
5046,99294
5047,99295
5048,99299
5049,99300
5050,993106
5051,99386
5052,99434
5053,994668
5054,99568
5055,99813
5056,99814
5057,999456
5058,999631
5059,999635
5060,999642
